observation_date,SP500,US10Y
2007-06-11,1509.12,5.14
2007-06-12,1493.0,5.26
2007-06-13,1515.67,5.2
2007-06-14,1522.97,5.23
2007-06-15,1532.91,5.16
2007-06-18,1531.05,5.15
2007-06-19,1533.7,5.09
2007-06-20,1512.84,5.14
2007-06-21,1522.19,5.16
2007-06-22,1502.56,5.14
2007-06-25,1497.74,5.09
2007-06-26,1492.89,5.1
2007-06-27,1506.34,5.09
2007-06-28,1505.71,5.12
2007-06-29,1503.35,5.03
2007-07-02,1519.43,5.0
2007-07-03,1524.87,5.05
2007-07-05,1525.4,5.16
2007-07-06,1530.44,5.19
2007-07-09,1531.85,5.16
2007-07-10,1510.12,5.03
2007-07-11,1518.76,5.09
2007-07-12,1547.7,5.13
2007-07-13,1552.5,5.11
2007-07-16,1549.52,5.05
2007-07-17,1549.37,5.08
2007-07-18,1546.17,5.02
2007-07-19,1553.08,5.04
2007-07-20,1534.1,4.96
2007-07-23,1541.57,4.97
2007-07-24,1511.04,4.94
2007-07-25,1518.09,4.92
2007-07-26,1482.66,4.79
2007-07-27,1458.95,4.8
2007-07-30,1473.91,4.82
2007-07-31,1455.27,4.78
2007-08-01,1465.81,4.76
2007-08-02,1472.2,4.77
2007-08-03,1433.06,4.71
2007-08-06,1467.67,4.72
2007-08-07,1476.71,4.77
2007-08-08,1497.49,4.84
2007-08-09,1453.09,4.79
2007-08-10,1453.64,4.81
2007-08-13,1452.92,4.78
2007-08-14,1426.54,4.73
2007-08-15,1406.7,4.69
2007-08-16,1411.27,4.6
2007-08-17,1445.94,4.68
2007-08-20,1445.55,4.64
2007-08-21,1447.12,4.6
2007-08-22,1464.07,4.63
2007-08-23,1462.5,4.62
2007-08-24,1479.37,4.63
2007-08-27,1466.79,4.6
2007-08-28,1432.36,4.53
2007-08-29,1463.76,4.57
2007-08-30,1457.64,4.51
2007-08-31,1473.99,4.54
2007-09-04,1489.42,4.56
2007-09-05,1472.29,4.48
2007-09-06,1478.55,4.51
2007-09-07,1453.55,4.38
2007-09-10,1451.7,4.34
2007-09-11,1471.49,4.37
2007-09-12,1471.56,4.41
2007-09-13,1483.95,4.49
2007-09-14,1484.25,4.47
2007-09-17,1476.65,4.48
2007-09-18,1519.78,4.5
2007-09-19,1529.03,4.53
2007-09-20,1518.75,4.69
2007-09-21,1525.75,4.64
2007-09-24,1517.73,4.63
2007-09-25,1517.21,4.63
2007-09-26,1525.42,4.63
2007-09-27,1531.38,4.58
2007-09-28,1526.75,4.59
2007-10-01,1547.04,4.56
2007-10-02,1546.63,4.54
2007-10-03,1539.59,4.55
2007-10-04,1542.84,4.54
2007-10-05,1557.59,4.65
2007-10-09,1565.15,4.67
2007-10-10,1562.47,4.65
2007-10-11,1554.41,4.66
2007-10-12,1561.8,4.7
2007-10-15,1548.71,4.69
2007-10-16,1538.53,4.66
2007-10-17,1541.24,4.57
2007-10-18,1540.08,4.52
2007-10-19,1500.63,4.41
2007-10-22,1506.33,4.42
2007-10-23,1519.59,4.41
2007-10-24,1515.88,4.36
2007-10-25,1514.4,4.37
2007-10-26,1535.28,4.41
2007-10-29,1540.98,4.39
2007-10-30,1531.02,4.4
2007-10-31,1549.38,4.48
2007-11-01,1508.44,4.36
2007-11-02,1509.65,4.31
2007-11-05,1502.17,4.35
2007-11-06,1520.27,4.38
2007-11-07,1475.62,4.34
2007-11-08,1474.77,4.28
2007-11-09,1453.7,4.23
2007-11-13,1481.05,4.26
2007-11-14,1470.58,4.28
2007-11-15,1451.15,4.17
2007-11-16,1458.74,4.15
2007-11-19,1433.27,4.07
2007-11-20,1439.7,4.06
2007-11-21,1416.77,4.0
2007-11-23,1440.7,4.01
2007-11-26,1407.22,3.83
2007-11-27,1428.23,3.95
2007-11-28,1469.02,4.03
2007-11-29,1469.72,3.94
2007-11-30,1481.14,3.97
2007-12-03,1472.42,3.89
2007-12-04,1462.79,3.89
2007-12-05,1485.01,3.92
2007-12-06,1507.34,4.02
2007-12-07,1504.66,4.12
2007-12-10,1515.96,4.15
2007-12-11,1477.65,3.98
2007-12-12,1486.59,4.05
2007-12-13,1488.41,4.18
2007-12-14,1467.95,4.24
2007-12-17,1445.9,4.2
2007-12-18,1454.98,4.14
2007-12-19,1453.0,4.06
2007-12-20,1460.12,4.04
2007-12-21,1484.46,4.18
2007-12-24,1496.45,4.23
2007-12-26,1497.66,4.3
2007-12-27,1476.37,4.21
2007-12-28,1478.49,4.11
2007-12-31,1468.36,4.04
2008-01-02,1447.16,3.91
2008-01-03,1447.16,3.91
2008-01-04,1411.63,3.88
2008-01-07,1416.18,3.86
2008-01-08,1390.19,3.86
2008-01-09,1409.13,3.82
2008-01-10,1420.33,3.91
2008-01-11,1401.02,3.82
2008-01-14,1416.25,3.81
2008-01-15,1380.95,3.72
2008-01-16,1373.2,3.74
2008-01-17,1333.25,3.66
2008-01-18,1325.19,3.66
2008-01-22,1310.5,3.52
2008-01-23,1338.6,3.51
2008-01-24,1352.07,3.68
2008-01-25,1330.61,3.61
2008-01-28,1353.97,3.61
2008-01-29,1362.3,3.69
2008-01-30,1355.81,3.78
2008-01-31,1378.55,3.67
2008-02-01,1395.42,3.62
2008-02-04,1380.82,3.68
2008-02-05,1336.64,3.61
2008-02-06,1326.45,3.61
2008-02-07,1336.91,3.74
2008-02-08,1331.29,3.64
2008-02-11,1339.13,3.62
2008-02-12,1348.86,3.66
2008-02-13,1367.21,3.7
2008-02-14,1348.86,3.85
2008-02-15,1349.99,3.76
2008-02-19,1348.78,3.89
2008-02-20,1360.03,3.93
2008-02-21,1342.53,3.77
2008-02-22,1353.11,3.79
2008-02-25,1371.8,3.91
2008-02-26,1381.29,3.88
2008-02-27,1380.02,3.85
2008-02-28,1367.68,3.71
2008-02-29,1330.63,3.53
2008-03-03,1331.34,3.54
2008-03-04,1326.75,3.63
2008-03-05,1333.7,3.7
2008-03-06,1304.34,3.62
2008-03-07,1293.37,3.56
2008-03-10,1273.37,3.46
2008-03-11,1320.65,3.6
2008-03-12,1308.77,3.49
2008-03-13,1315.48,3.56
2008-03-14,1288.14,3.44
2008-03-17,1276.6,3.34
2008-03-18,1330.74,3.48
2008-03-19,1298.42,3.38
2008-03-20,1329.51,3.34
2008-03-24,1349.88,3.56
2008-03-25,1352.99,3.51
2008-03-26,1341.13,3.51
2008-03-27,1325.76,3.56
2008-03-28,1315.22,3.47
2008-03-31,1322.7,3.45
2008-04-01,1370.18,3.57
2008-04-02,1367.53,3.6
2008-04-03,1369.31,3.61
2008-04-04,1370.4,3.5
2008-04-07,1372.54,3.57
2008-04-08,1365.54,3.58
2008-04-09,1354.49,3.49
2008-04-10,1360.55,3.55
2008-04-11,1332.83,3.49
2008-04-14,1328.32,3.53
2008-04-15,1334.43,3.6
2008-04-16,1364.71,3.72
2008-04-17,1365.56,3.75
2008-04-18,1390.33,3.77
2008-04-21,1388.17,3.75
2008-04-22,1375.94,3.74
2008-04-23,1379.93,3.77
2008-04-24,1388.82,3.87
2008-04-25,1397.84,3.91
2008-04-28,1396.37,3.86
2008-04-29,1390.94,3.85
2008-04-30,1385.59,3.77
2008-05-01,1409.34,3.78
2008-05-02,1413.9,3.89
2008-05-05,1407.49,3.88
2008-05-06,1418.26,3.93
2008-05-07,1392.57,3.87
2008-05-08,1397.68,3.79
2008-05-09,1388.28,3.77
2008-05-12,1403.58,3.78
2008-05-13,1403.04,3.9
2008-05-14,1408.66,3.92
2008-05-15,1423.57,3.83
2008-05-16,1425.35,3.85
2008-05-19,1426.63,3.83
2008-05-20,1413.4,3.78
2008-05-21,1390.71,3.81
2008-05-22,1394.35,3.92
2008-05-23,1375.93,3.85
2008-05-27,1385.35,3.93
2008-05-28,1390.84,4.03
2008-05-29,1398.26,4.08
2008-05-30,1400.38,4.06
2008-06-02,1385.67,3.98
2008-06-03,1377.65,3.92
2008-06-04,1377.2,3.98
2008-06-05,1404.05,4.06
2008-06-06,1360.68,3.94
2008-06-09,1361.76,4.02
2008-06-10,1358.44,4.11
2008-06-11,1335.49,4.1
2008-06-12,1339.87,4.23
2008-06-13,1360.03,4.27
2008-06-16,1360.14,4.25
2008-06-17,1350.93,4.23
2008-06-18,1337.81,4.16
2008-06-19,1342.83,4.22
2008-06-20,1317.93,4.16
2008-06-23,1318.0,4.19
2008-06-24,1314.29,4.1
2008-06-25,1321.97,4.12
2008-06-26,1283.15,4.07
2008-06-27,1278.38,3.99
2008-06-30,1280.0,3.99
2008-07-01,1284.91,4.01
2008-07-02,1261.52,3.99
2008-07-03,1262.9,3.99
2008-07-07,1252.31,3.95
2008-07-08,1273.7,3.91
2008-07-09,1244.69,3.85
2008-07-10,1253.39,3.83
2008-07-11,1239.49,3.96
2008-07-14,1228.3,3.9
2008-07-15,1214.91,3.87
2008-07-16,1245.36,3.97
2008-07-17,1260.32,4.07
2008-07-18,1260.68,4.11
2008-07-21,1260.0,4.09
2008-07-22,1277.0,4.14
2008-07-23,1282.19,4.16
2008-07-24,1252.54,4.03
2008-07-25,1257.76,4.13
2008-07-28,1234.37,4.06
2008-07-29,1263.2,4.09
2008-07-30,1284.26,4.07
2008-07-31,1267.38,3.99
2008-08-01,1260.31,3.97
2008-08-04,1249.01,3.98
2008-08-05,1284.88,4.04
2008-08-06,1289.19,4.06
2008-08-07,1266.07,3.92
2008-08-08,1296.32,3.94
2008-08-11,1305.32,3.99
2008-08-12,1289.59,3.91
2008-08-13,1285.83,3.94
2008-08-14,1292.93,3.89
2008-08-15,1298.2,3.84
2008-08-18,1278.6,3.82
2008-08-19,1266.69,3.83
2008-08-20,1274.54,3.79
2008-08-21,1277.72,3.84
2008-08-22,1292.2,3.87
2008-08-25,1266.84,3.79
2008-08-26,1271.51,3.79
2008-08-27,1281.66,3.77
2008-08-28,1300.68,3.79
2008-08-29,1282.83,3.83
2008-09-02,1277.58,3.74
2008-09-03,1274.98,3.71
2008-09-04,1236.83,3.64
2008-09-05,1242.31,3.66
2008-09-08,1267.79,3.66
2008-09-09,1224.51,3.62
2008-09-10,1232.04,3.65
2008-09-11,1249.05,3.64
2008-09-12,1251.7,3.74
2008-09-15,1192.7,3.47
2008-09-16,1213.59,3.48
2008-09-17,1156.39,3.41
2008-09-18,1206.51,3.54
2008-09-19,1255.08,3.78
2008-09-22,1207.09,3.83
2008-09-23,1188.22,3.85
2008-09-24,1185.87,3.8
2008-09-25,1209.18,3.88
2008-09-26,1213.01,3.85
2008-09-29,1106.39,3.61
2008-09-30,1166.36,3.85
2008-10-01,1161.06,3.77
2008-10-02,1114.28,3.66
2008-10-03,1099.23,3.63
2008-10-06,1056.89,3.48
2008-10-07,996.23,3.5
2008-10-08,984.94,3.72
2008-10-09,909.92,3.84
2008-10-10,899.22,3.89
2008-10-14,998.01,4.08
2008-10-15,907.84,4.04
2008-10-16,946.43,3.99
2008-10-17,940.55,3.98
2008-10-20,985.4,3.91
2008-10-21,955.05,3.76
2008-10-22,896.78,3.65
2008-10-23,908.11,3.63
2008-10-24,876.77,3.76
2008-10-27,848.92,3.79
2008-10-28,940.51,3.89
2008-10-29,930.09,3.93
2008-10-30,954.09,4.0
2008-10-31,968.75,4.01
2008-11-03,966.3,3.96
2008-11-04,1005.75,3.81
2008-11-05,952.77,3.73
2008-11-06,904.88,3.75
2008-11-07,930.99,3.83
2008-11-10,919.21,3.82
2008-11-12,852.3,3.75
2008-11-13,911.29,3.84
2008-11-14,873.29,3.72
2008-11-17,850.75,3.68
2008-11-18,859.12,3.53
2008-11-19,806.58,3.38
2008-11-20,752.44,3.1
2008-11-21,800.03,3.2
2008-11-24,851.81,3.35
2008-11-25,857.39,3.11
2008-11-26,887.68,2.99
2008-11-28,896.24,2.93
2008-12-01,816.21,2.72
2008-12-02,848.81,2.68
2008-12-03,870.74,2.67
2008-12-04,845.22,2.55
2008-12-05,876.07,2.67
2008-12-08,909.7,2.77
2008-12-09,888.67,2.67
2008-12-10,899.24,2.69
2008-12-11,873.59,2.64
2008-12-12,879.73,2.6
2008-12-15,868.57,2.53
2008-12-16,913.18,2.37
2008-12-17,904.42,2.2
2008-12-18,885.28,2.08
2008-12-19,887.88,2.13
2008-12-22,871.63,2.16
2008-12-23,863.16,2.18
2008-12-24,868.15,2.2
2008-12-26,872.8,2.16
2008-12-29,869.42,2.13
2008-12-30,890.64,2.11
2008-12-31,903.25,2.25
2009-01-02,931.8,2.46
2009-01-05,927.45,2.49
2009-01-06,934.7,2.51
2009-01-07,906.65,2.52
2009-01-08,909.73,2.47
2009-01-09,890.35,2.43
2009-01-12,870.26,2.34
2009-01-13,871.79,2.33
2009-01-14,842.62,2.24
2009-01-15,843.74,2.23
2009-01-16,850.12,2.36
2009-01-20,805.22,2.4
2009-01-21,840.24,2.56
2009-01-22,827.5,2.62
2009-01-23,831.95,2.65
2009-01-26,836.57,2.7
2009-01-27,845.71,2.59
2009-01-28,874.09,2.71
2009-01-29,845.14,2.87
2009-01-30,825.88,2.87
2009-02-02,825.44,2.76
2009-02-03,838.51,2.89
2009-02-04,832.23,2.95
2009-02-05,845.85,2.95
2009-02-06,868.6,3.05
2009-02-09,869.89,3.07
2009-02-10,827.16,2.9
2009-02-11,833.74,2.78
2009-02-12,835.19,2.75
2009-02-13,826.84,2.89
2009-02-17,789.17,2.64
2009-02-18,788.42,2.74
2009-02-19,778.94,2.85
2009-02-20,770.05,2.78
2009-02-23,743.33,2.78
2009-02-24,773.14,2.8
2009-02-25,764.9,2.95
2009-02-26,752.83,2.98
2009-02-27,735.09,3.02
2009-03-02,700.82,2.91
2009-03-03,696.33,2.93
2009-03-04,712.87,3.01
2009-03-05,682.55,2.83
2009-03-06,683.38,2.83
2009-03-09,676.53,2.89
2009-03-10,719.6,2.99
2009-03-11,721.36,2.95
2009-03-12,750.74,2.89
2009-03-13,756.55,2.89
2009-03-16,753.89,2.97
2009-03-17,778.12,3.02
2009-03-18,794.35,2.51
2009-03-19,784.04,2.61
2009-03-20,768.54,2.65
2009-03-23,822.92,2.68
2009-03-24,806.12,2.68
2009-03-25,813.88,2.81
2009-03-26,832.86,2.76
2009-03-27,815.94,2.78
2009-03-30,787.53,2.73
2009-03-31,797.87,2.71
2009-04-01,811.08,2.68
2009-04-02,834.38,2.77
2009-04-03,842.5,2.91
2009-04-06,835.48,2.95
2009-04-07,815.55,2.93
2009-04-08,825.16,2.86
2009-04-09,856.56,2.96
2009-04-13,858.73,2.88
2009-04-14,841.5,2.8
2009-04-15,852.06,2.82
2009-04-16,865.3,2.86
2009-04-17,869.6,2.98
2009-04-20,832.39,2.88
2009-04-21,850.08,2.94
2009-04-22,843.55,2.98
2009-04-23,851.92,2.96
2009-04-24,866.23,3.03
2009-04-27,857.51,2.95
2009-04-28,855.16,3.05
2009-04-29,873.64,3.12
2009-04-30,872.81,3.16
2009-05-01,877.52,3.21
2009-05-04,907.24,3.19
2009-05-05,903.8,3.2
2009-05-06,919.53,3.18
2009-05-07,907.39,3.29
2009-05-08,929.23,3.29
2009-05-11,909.24,3.17
2009-05-12,908.35,3.17
2009-05-13,883.92,3.11
2009-05-14,893.07,3.1
2009-05-15,882.88,3.14
2009-05-18,909.71,3.22
2009-05-19,908.13,3.25
2009-05-20,903.47,3.19
2009-05-21,888.33,3.35
2009-05-22,887.0,3.45
2009-05-26,910.33,3.5
2009-05-27,893.06,3.71
2009-05-28,906.83,3.67
2009-05-29,919.14,3.47
2009-06-01,942.87,3.71
2009-06-02,944.74,3.65
2009-06-03,931.76,3.56
2009-06-04,942.46,3.72
2009-06-05,940.09,3.84
2009-06-08,939.14,3.91
2009-06-09,942.43,3.86
2009-06-10,939.15,3.98
2009-06-11,944.89,3.88
2009-06-12,946.21,3.81
2009-06-15,923.72,3.76
2009-06-16,911.97,3.67
2009-06-17,910.71,3.68
2009-06-18,918.37,3.86
2009-06-19,921.23,3.79
2009-06-22,893.04,3.72
2009-06-23,895.1,3.65
2009-06-24,900.94,3.72
2009-06-25,920.26,3.55
2009-06-26,918.9,3.52
2009-06-29,927.23,3.51
2009-06-30,919.32,3.53
2009-07-01,923.33,3.55
2009-07-02,896.42,3.51
2009-07-06,898.72,3.52
2009-07-07,881.03,3.47
2009-07-08,879.56,3.33
2009-07-09,882.68,3.44
2009-07-10,879.13,3.32
2009-07-13,901.05,3.38
2009-07-14,905.84,3.5
2009-07-15,932.68,3.63
2009-07-16,940.74,3.59
2009-07-17,940.38,3.67
2009-07-20,951.13,3.61
2009-07-21,954.58,3.5
2009-07-22,954.07,3.58
2009-07-23,976.29,3.72
2009-07-24,979.26,3.7
2009-07-27,982.18,3.75
2009-07-28,979.62,3.72
2009-07-29,975.15,3.69
2009-07-30,986.75,3.67
2009-07-31,987.48,3.52
2009-08-03,1002.63,3.66
2009-08-04,1005.65,3.7
2009-08-05,1002.72,3.8
2009-08-06,997.08,3.79
2009-08-07,1010.48,3.89
2009-08-10,1007.1,3.8
2009-08-11,994.35,3.71
2009-08-12,1005.81,3.72
2009-08-13,1012.73,3.59
2009-08-14,1004.09,3.55
2009-08-17,979.73,3.48
2009-08-18,989.67,3.51
2009-08-19,996.46,3.45
2009-08-20,1007.37,3.42
2009-08-21,1026.13,3.56
2009-08-24,1025.57,3.48
2009-08-25,1028.0,3.45
2009-08-26,1028.12,3.44
2009-08-27,1030.98,3.47
2009-08-28,1028.93,3.46
2009-08-31,1020.62,3.4
2009-09-01,998.04,3.38
2009-09-02,994.75,3.29
2009-09-03,1003.24,3.33
2009-09-04,1016.4,3.45
2009-09-08,1025.39,3.47
2009-09-09,1033.37,3.48
2009-09-10,1044.14,3.36
2009-09-11,1042.73,3.34
2009-09-14,1049.34,3.42
2009-09-15,1052.63,3.47
2009-09-16,1068.76,3.48
2009-09-17,1065.49,3.42
2009-09-18,1068.3,3.49
2009-09-21,1064.66,3.49
2009-09-22,1071.66,3.46
2009-09-23,1060.87,3.44
2009-09-24,1050.78,3.4
2009-09-25,1044.38,3.34
2009-09-28,1062.98,3.31
2009-09-29,1060.61,3.31
2009-09-30,1057.08,3.31
2009-10-01,1029.85,3.21
2009-10-02,1025.21,3.24
2009-10-05,1040.46,3.24
2009-10-06,1054.72,3.27
2009-10-07,1057.58,3.21
2009-10-08,1065.48,3.27
2009-10-09,1071.49,3.4
2009-10-13,1073.19,3.34
2009-10-14,1092.02,3.45
2009-10-15,1096.56,3.49
2009-10-16,1087.68,3.43
2009-10-19,1097.91,3.41
2009-10-20,1091.06,3.35
2009-10-21,1081.4,3.42
2009-10-22,1092.91,3.44
2009-10-23,1079.6,3.51
2009-10-26,1066.95,3.59
2009-10-27,1063.41,3.49
2009-10-28,1042.63,3.44
2009-10-29,1066.11,3.53
2009-10-30,1036.19,3.41
2009-11-02,1042.88,3.45
2009-11-03,1045.41,3.5
2009-11-04,1046.5,3.57
2009-11-05,1066.63,3.57
2009-11-06,1069.3,3.54
2009-11-09,1093.08,3.52
2009-11-10,1093.01,3.5
2009-11-12,1087.24,3.45
2009-11-13,1093.48,3.43
2009-11-16,1109.3,3.33
2009-11-17,1110.32,3.33
2009-11-18,1109.8,3.36
2009-11-19,1094.9,3.35
2009-11-20,1091.38,3.36
2009-11-23,1106.24,3.37
2009-11-24,1105.65,3.32
2009-11-25,1110.63,3.28
2009-11-27,1091.49,3.21
2009-11-30,1095.63,3.21
2009-12-01,1108.86,3.28
2009-12-02,1109.24,3.32
2009-12-03,1099.92,3.39
2009-12-04,1105.98,3.48
2009-12-07,1103.25,3.44
2009-12-08,1091.94,3.4
2009-12-09,1095.95,3.45
2009-12-10,1102.35,3.49
2009-12-11,1106.41,3.55
2009-12-14,1114.11,3.56
2009-12-15,1107.93,3.6
2009-12-16,1109.18,3.61
2009-12-17,1096.08,3.5
2009-12-18,1102.47,3.55
2009-12-21,1114.05,3.69
2009-12-22,1118.02,3.76
2009-12-23,1120.59,3.77
2009-12-24,1126.48,3.82
2009-12-28,1127.78,3.85
2009-12-29,1126.2,3.82
2009-12-30,1126.42,3.8
2009-12-31,1115.1,3.85
2010-01-04,1132.99,3.85
2010-01-05,1136.52,3.77
2010-01-06,1137.14,3.85
2010-01-07,1141.69,3.85
2010-01-08,1144.98,3.83
2010-01-11,1146.98,3.85
2010-01-12,1136.22,3.74
2010-01-13,1145.68,3.8
2010-01-14,1148.46,3.76
2010-01-15,1136.03,3.7
2010-01-19,1150.23,3.73
2010-01-20,1138.04,3.68
2010-01-21,1116.48,3.62
2010-01-22,1091.76,3.62
2010-01-25,1096.78,3.66
2010-01-26,1092.17,3.65
2010-01-27,1097.5,3.66
2010-01-28,1084.53,3.68
2010-01-29,1073.87,3.63
2010-02-01,1089.19,3.68
2010-02-02,1103.32,3.67
2010-02-03,1097.28,3.73
2010-02-04,1063.11,3.62
2010-02-05,1066.19,3.59
2010-02-08,1056.74,3.62
2010-02-09,1070.52,3.67
2010-02-10,1068.13,3.72
2010-02-11,1078.47,3.73
2010-02-12,1075.51,3.69
2010-02-16,1094.87,3.66
2010-02-17,1099.51,3.74
2010-02-18,1106.75,3.79
2010-02-19,1109.17,3.78
2010-02-22,1108.01,3.8
2010-02-23,1094.6,3.69
2010-02-24,1105.24,3.7
2010-02-25,1102.94,3.64
2010-02-26,1104.49,3.61
2010-03-01,1115.71,3.61
2010-03-02,1118.31,3.62
2010-03-03,1118.79,3.63
2010-03-04,1122.97,3.61
2010-03-05,1138.7,3.69
2010-03-08,1138.5,3.72
2010-03-09,1140.45,3.71
2010-03-10,1145.61,3.73
2010-03-11,1150.24,3.73
2010-03-12,1149.99,3.71
2010-03-15,1150.51,3.71
2010-03-16,1159.46,3.66
2010-03-17,1166.21,3.65
2010-03-18,1165.83,3.68
2010-03-19,1159.9,3.7
2010-03-22,1165.81,3.67
2010-03-23,1174.17,3.69
2010-03-24,1167.72,3.84
2010-03-25,1165.73,3.91
2010-03-26,1166.59,3.86
2010-03-29,1173.22,3.88
2010-03-30,1173.27,3.88
2010-03-31,1169.43,3.84
2010-04-01,1178.1,3.89
2010-04-05,1187.44,4.01
2010-04-06,1189.44,3.98
2010-04-07,1182.45,3.89
2010-04-08,1186.44,3.91
2010-04-09,1194.37,3.9
2010-04-12,1196.48,3.87
2010-04-13,1197.3,3.84
2010-04-14,1210.65,3.88
2010-04-15,1211.67,3.86
2010-04-16,1192.13,3.79
2010-04-19,1197.52,3.83
2010-04-20,1207.17,3.82
2010-04-21,1205.94,3.77
2010-04-22,1208.67,3.8
2010-04-23,1217.28,3.84
2010-04-26,1212.05,3.83
2010-04-27,1183.71,3.71
2010-04-28,1191.36,3.8
2010-04-29,1206.78,3.76
2010-04-30,1186.69,3.69
2010-05-03,1202.26,3.72
2010-05-04,1173.6,3.63
2010-05-05,1165.9,3.58
2010-05-06,1128.15,3.41
2010-05-07,1110.88,3.45
2010-05-10,1159.73,3.57
2010-05-11,1155.79,3.56
2010-05-12,1171.67,3.56
2010-05-13,1157.44,3.55
2010-05-14,1135.68,3.44
2010-05-17,1136.94,3.47
2010-05-18,1120.8,3.38
2010-05-19,1115.05,3.36
2010-05-20,1071.59,3.25
2010-05-21,1087.69,3.2
2010-05-24,1073.65,3.23
2010-05-25,1074.03,3.18
2010-05-26,1067.95,3.21
2010-05-27,1103.06,3.34
2010-05-28,1089.41,3.31
2010-06-01,1070.71,3.29
2010-06-02,1098.38,3.35
2010-06-03,1102.83,3.39
2010-06-04,1064.88,3.2
2010-06-07,1050.47,3.17
2010-06-08,1062.0,3.18
2010-06-09,1055.69,3.2
2010-06-10,1086.84,3.33
2010-06-11,1091.6,3.24
2010-06-14,1089.63,3.28
2010-06-15,1115.23,3.32
2010-06-16,1114.61,3.27
2010-06-17,1116.04,3.21
2010-06-18,1117.51,3.24
2010-06-21,1113.2,3.26
2010-06-22,1095.31,3.18
2010-06-23,1092.04,3.13
2010-06-24,1073.69,3.14
2010-06-25,1076.76,3.12
2010-06-28,1074.57,3.05
2010-06-29,1041.24,2.97
2010-06-30,1030.71,2.97
2010-07-01,1027.37,2.96
2010-07-02,1022.58,3.0
2010-07-06,1028.06,2.95
2010-07-07,1060.27,3.0
2010-07-08,1070.25,3.04
2010-07-09,1077.96,3.07
2010-07-12,1078.75,3.08
2010-07-13,1095.34,3.15
2010-07-14,1095.17,3.07
2010-07-15,1096.48,3.0
2010-07-16,1064.88,2.96
2010-07-19,1071.25,2.99
2010-07-20,1083.48,2.98
2010-07-21,1069.59,2.9
2010-07-22,1093.67,2.96
2010-07-23,1102.66,3.02
2010-07-26,1115.01,3.03
2010-07-27,1113.84,3.08
2010-07-28,1106.13,3.03
2010-07-29,1101.53,3.03
2010-07-30,1101.6,2.94
2010-08-02,1125.86,2.99
2010-08-03,1120.46,2.94
2010-08-04,1127.24,2.98
2010-08-05,1125.81,2.94
2010-08-06,1121.64,2.86
2010-08-09,1127.79,2.86
2010-08-10,1121.06,2.79
2010-08-11,1089.47,2.72
2010-08-12,1083.61,2.74
2010-08-13,1079.25,2.68
2010-08-16,1079.38,2.58
2010-08-17,1092.54,2.64
2010-08-18,1094.16,2.64
2010-08-19,1075.63,2.58
2010-08-20,1071.69,2.62
2010-08-23,1067.36,2.6
2010-08-24,1051.87,2.5
2010-08-25,1055.33,2.54
2010-08-26,1047.22,2.5
2010-08-27,1064.59,2.66
2010-08-30,1048.92,2.54
2010-08-31,1049.33,2.47
2010-09-01,1080.29,2.58
2010-09-02,1090.1,2.63
2010-09-03,1104.51,2.72
2010-09-07,1091.84,2.61
2010-09-08,1098.87,2.66
2010-09-09,1104.18,2.77
2010-09-10,1109.55,2.81
2010-09-13,1121.9,2.74
2010-09-14,1121.1,2.68
2010-09-15,1125.07,2.74
2010-09-16,1124.66,2.77
2010-09-17,1125.59,2.75
2010-09-20,1142.71,2.72
2010-09-21,1139.78,2.61
2010-09-22,1134.28,2.56
2010-09-23,1124.83,2.56
2010-09-24,1148.67,2.62
2010-09-27,1142.16,2.54
2010-09-28,1147.7,2.48
2010-09-29,1144.73,2.52
2010-09-30,1141.2,2.53
2010-10-01,1146.24,2.54
2010-10-04,1137.03,2.5
2010-10-05,1160.75,2.5
2010-10-06,1159.97,2.41
2010-10-07,1158.06,2.41
2010-10-08,1165.15,2.41
2010-10-12,1169.77,2.44
2010-10-13,1178.1,2.46
2010-10-14,1173.81,2.52
2010-10-15,1176.19,2.59
2010-10-18,1184.71,2.52
2010-10-19,1165.9,2.5
2010-10-20,1178.17,2.51
2010-10-21,1180.26,2.57
2010-10-22,1183.08,2.59
2010-10-25,1185.62,2.59
2010-10-26,1185.64,2.67
2010-10-27,1182.45,2.75
2010-10-28,1183.78,2.69
2010-10-29,1183.26,2.63
2010-11-01,1184.38,2.66
2010-11-02,1193.57,2.63
2010-11-03,1197.96,2.67
2010-11-04,1221.06,2.53
2010-11-05,1225.85,2.58
2010-11-08,1223.25,2.6
2010-11-09,1213.4,2.72
2010-11-10,1218.71,2.65
2010-11-12,1199.21,2.76
2010-11-15,1197.75,2.92
2010-11-16,1178.34,2.85
2010-11-17,1178.59,2.89
2010-11-18,1196.69,2.9
2010-11-19,1199.73,2.88
2010-11-22,1197.84,2.8
2010-11-23,1180.73,2.77
2010-11-24,1198.35,2.93
2010-11-26,1189.4,2.87
2010-11-29,1187.76,2.84
2010-11-30,1180.55,2.81
2010-12-01,1206.07,2.97
2010-12-02,1221.53,3.01
2010-12-03,1224.71,3.03
2010-12-06,1223.12,2.95
2010-12-07,1223.75,3.15
2010-12-08,1228.28,3.26
2010-12-09,1233.0,3.23
2010-12-10,1240.4,3.32
2010-12-13,1240.46,3.29
2010-12-14,1241.59,3.49
2010-12-15,1235.23,3.53
2010-12-16,1242.87,3.47
2010-12-17,1243.91,3.33
2010-12-20,1247.08,3.36
2010-12-21,1254.6,3.35
2010-12-22,1258.84,3.36
2010-12-23,1256.77,3.41
2010-12-27,1257.54,3.36
2010-12-28,1258.51,3.5
2010-12-29,1259.78,3.35
2010-12-30,1257.88,3.38
2010-12-31,1257.64,3.3
2011-01-03,1271.87,3.36
2011-01-04,1270.2,3.36
2011-01-05,1276.56,3.5
2011-01-06,1273.85,3.44
2011-01-07,1271.5,3.34
2011-01-10,1269.75,3.32
2011-01-11,1274.48,3.37
2011-01-12,1285.96,3.4
2011-01-13,1283.76,3.34
2011-01-14,1293.24,3.35
2011-01-18,1295.02,3.39
2011-01-19,1281.92,3.37
2011-01-20,1280.26,3.47
2011-01-21,1283.35,3.44
2011-01-24,1290.84,3.43
2011-01-25,1291.18,3.35
2011-01-26,1296.63,3.45
2011-01-27,1299.54,3.42
2011-01-28,1276.34,3.36
2011-01-31,1286.12,3.42
2011-02-01,1307.59,3.48
2011-02-02,1304.03,3.52
2011-02-03,1307.1,3.58
2011-02-04,1310.87,3.68
2011-02-07,1319.05,3.68
2011-02-08,1324.57,3.75
2011-02-09,1320.88,3.65
2011-02-10,1321.87,3.7
2011-02-11,1329.15,3.64
2011-02-14,1332.32,3.62
2011-02-15,1328.01,3.61
2011-02-16,1336.32,3.62
2011-02-17,1340.43,3.58
2011-02-18,1343.01,3.59
2011-02-22,1315.44,3.46
2011-02-23,1307.4,3.49
2011-02-24,1306.1,3.46
2011-02-25,1319.88,3.42
2011-02-28,1327.22,3.42
2011-03-01,1306.33,3.41
2011-03-02,1308.44,3.46
2011-03-03,1330.97,3.58
2011-03-04,1321.15,3.49
2011-03-07,1310.13,3.51
2011-03-08,1321.82,3.56
2011-03-09,1320.02,3.48
2011-03-10,1295.11,3.37
2011-03-11,1304.28,3.4
2011-03-14,1296.39,3.36
2011-03-15,1281.87,3.33
2011-03-16,1256.88,3.22
2011-03-17,1273.72,3.25
2011-03-18,1279.2,3.28
2011-03-21,1298.38,3.34
2011-03-22,1293.77,3.34
2011-03-23,1297.54,3.36
2011-03-24,1309.66,3.42
2011-03-25,1313.8,3.46
2011-03-28,1310.19,3.47
2011-03-29,1319.44,3.5
2011-03-30,1328.26,3.47
2011-03-31,1325.83,3.47
2011-04-01,1332.41,3.46
2011-04-04,1332.87,3.45
2011-04-05,1332.63,3.5
2011-04-06,1335.54,3.56
2011-04-07,1333.51,3.58
2011-04-08,1328.17,3.59
2011-04-11,1324.46,3.59
2011-04-12,1314.16,3.52
2011-04-13,1314.41,3.49
2011-04-14,1314.52,3.51
2011-04-15,1319.68,3.43
2011-04-18,1305.14,3.4
2011-04-19,1312.62,3.39
2011-04-20,1330.36,3.43
2011-04-21,1337.38,3.42
2011-04-25,1335.25,3.39
2011-04-26,1347.24,3.34
2011-04-27,1355.66,3.39
2011-04-28,1360.48,3.34
2011-04-29,1363.61,3.32
2011-05-02,1361.22,3.31
2011-05-03,1356.62,3.28
2011-05-04,1347.32,3.25
2011-05-05,1335.1,3.18
2011-05-06,1340.2,3.19
2011-05-09,1346.29,3.17
2011-05-10,1357.16,3.23
2011-05-11,1342.08,3.19
2011-05-12,1348.65,3.22
2011-05-13,1337.77,3.18
2011-05-16,1329.47,3.15
2011-05-17,1328.98,3.12
2011-05-18,1340.68,3.18
2011-05-19,1343.6,3.17
2011-05-20,1333.27,3.15
2011-05-23,1317.37,3.13
2011-05-24,1316.28,3.12
2011-05-25,1320.47,3.13
2011-05-26,1325.69,3.07
2011-05-27,1331.1,3.07
2011-05-31,1345.2,3.05
2011-06-01,1314.55,2.96
2011-06-02,1312.94,3.04
2011-06-03,1300.16,2.99
2011-06-06,1286.17,3.01
2011-06-07,1284.94,3.01
2011-06-08,1279.56,2.98
2011-06-09,1289.0,3.01
2011-06-10,1270.98,2.99
2011-06-13,1271.83,3.0
2011-06-14,1287.87,3.11
2011-06-15,1265.42,2.98
2011-06-16,1267.64,2.93
2011-06-17,1271.5,2.94
2011-06-20,1278.36,2.97
2011-06-21,1295.52,2.99
2011-06-22,1287.14,3.01
2011-06-23,1283.5,2.93
2011-06-24,1268.45,2.88
2011-06-27,1280.1,2.95
2011-06-28,1296.67,3.05
2011-06-29,1307.41,3.14
2011-06-30,1320.64,3.18
2011-07-01,1339.67,3.22
2011-07-05,1337.88,3.16
2011-07-06,1339.22,3.12
2011-07-07,1353.22,3.17
2011-07-08,1343.8,3.03
2011-07-11,1319.49,2.94
2011-07-12,1313.64,2.92
2011-07-13,1317.72,2.92
2011-07-14,1308.87,2.98
2011-07-15,1316.14,2.94
2011-07-18,1305.44,2.94
2011-07-19,1326.73,2.91
2011-07-20,1325.84,2.96
2011-07-21,1343.8,3.03
2011-07-22,1345.02,2.99
2011-07-25,1337.43,3.03
2011-07-26,1331.94,2.99
2011-07-27,1304.89,3.01
2011-07-28,1300.67,2.98
2011-07-29,1292.28,2.82
2011-08-01,1286.94,2.77
2011-08-02,1254.05,2.66
2011-08-03,1260.34,2.64
2011-08-04,1200.07,2.47
2011-08-05,1199.38,2.58
2011-08-08,1119.46,2.4
2011-08-09,1172.53,2.2
2011-08-10,1120.76,2.17
2011-08-11,1172.64,2.34
2011-08-12,1178.81,2.24
2011-08-15,1204.49,2.29
2011-08-16,1192.76,2.23
2011-08-17,1193.89,2.17
2011-08-18,1140.65,2.08
2011-08-19,1123.53,2.07
2011-08-22,1123.82,2.1
2011-08-23,1162.35,2.15
2011-08-24,1177.6,2.29
2011-08-25,1159.27,2.23
2011-08-26,1176.8,2.19
2011-08-29,1210.08,2.28
2011-08-30,1212.92,2.19
2011-08-31,1218.89,2.23
2011-09-01,1204.42,2.15
2011-09-02,1173.97,2.02
2011-09-06,1165.24,1.98
2011-09-07,1198.62,2.05
2011-09-08,1185.9,2.0
2011-09-09,1154.23,1.93
2011-09-12,1162.27,1.94
2011-09-13,1172.87,2.0
2011-09-14,1188.68,2.03
2011-09-15,1209.11,2.09
2011-09-16,1216.01,2.08
2011-09-19,1204.09,1.97
2011-09-20,1202.09,1.95
2011-09-21,1166.76,1.88
2011-09-22,1129.56,1.72
2011-09-23,1136.43,1.84
2011-09-26,1162.95,1.91
2011-09-27,1175.38,2.0
2011-09-28,1151.06,2.03
2011-09-29,1160.4,1.99
2011-09-30,1131.42,1.92
2011-10-03,1099.23,1.8
2011-10-04,1123.95,1.81
2011-10-05,1144.03,1.92
2011-10-06,1164.97,2.01
2011-10-07,1155.46,2.1
2011-10-11,1195.54,2.18
2011-10-12,1207.25,2.24
2011-10-13,1203.66,2.19
2011-10-14,1224.58,2.26
2011-10-17,1200.86,2.18
2011-10-18,1225.38,2.19
2011-10-19,1209.88,2.18
2011-10-20,1215.39,2.2
2011-10-21,1238.25,2.23
2011-10-24,1254.19,2.25
2011-10-25,1229.05,2.14
2011-10-26,1242.0,2.23
2011-10-27,1284.59,2.42
2011-10-28,1285.09,2.34
2011-10-31,1253.3,2.17
2011-11-01,1218.28,2.01
2011-11-02,1237.9,2.03
2011-11-03,1261.15,2.09
2011-11-04,1253.23,2.06
2011-11-07,1261.12,2.04
2011-11-08,1275.92,2.1
2011-11-09,1229.1,2.0
2011-11-10,1239.69,2.04
2011-11-14,1251.78,2.04
2011-11-15,1257.81,2.06
2011-11-16,1236.91,2.01
2011-11-17,1216.13,1.96
2011-11-18,1215.65,2.01
2011-11-21,1192.98,1.97
2011-11-22,1188.04,1.94
2011-11-23,1161.79,1.89
2011-11-25,1158.67,1.97
2011-11-28,1192.55,1.97
2011-11-29,1195.19,2.0
2011-11-30,1246.96,2.08
2011-12-01,1244.58,2.11
2011-12-02,1244.28,2.05
2011-12-05,1257.08,2.04
2011-12-06,1258.47,2.08
2011-12-07,1261.01,2.02
2011-12-08,1234.35,1.99
2011-12-09,1255.19,2.07
2011-12-12,1236.47,2.03
2011-12-13,1225.73,1.96
2011-12-14,1211.82,1.92
2011-12-15,1215.75,1.92
2011-12-16,1219.66,1.86
2011-12-19,1205.35,1.82
2011-12-20,1241.3,1.94
2011-12-21,1243.72,1.98
2011-12-22,1254.0,1.97
2011-12-23,1265.33,2.03
2011-12-27,1265.43,2.02
2011-12-28,1249.64,1.93
2011-12-29,1263.02,1.91
2011-12-30,1257.6,1.89
2012-01-03,1277.06,1.97
2012-01-04,1277.3,2.0
2012-01-05,1281.06,2.02
2012-01-06,1277.81,1.98
2012-01-09,1280.7,1.98
2012-01-10,1292.08,2.0
2012-01-11,1292.48,1.93
2012-01-12,1295.5,1.94
2012-01-13,1289.09,1.89
2012-01-17,1293.67,1.87
2012-01-18,1308.04,1.92
2012-01-19,1314.5,2.01
2012-01-20,1315.38,2.05
2012-01-23,1316.0,2.09
2012-01-24,1314.65,2.08
2012-01-25,1326.05,2.01
2012-01-26,1318.43,1.96
2012-01-27,1316.33,1.93
2012-01-30,1313.01,1.87
2012-01-31,1312.41,1.83
2012-02-01,1324.09,1.87
2012-02-02,1325.54,1.86
2012-02-03,1344.9,1.97
2012-02-06,1344.33,1.93
2012-02-07,1347.05,2.0
2012-02-08,1349.96,2.01
2012-02-09,1351.95,2.04
2012-02-10,1342.64,1.96
2012-02-13,1351.77,1.99
2012-02-14,1350.5,1.92
2012-02-15,1343.23,1.93
2012-02-16,1358.04,1.99
2012-02-17,1361.23,2.01
2012-02-21,1362.21,2.05
2012-02-22,1357.66,2.01
2012-02-23,1363.46,1.99
2012-02-24,1365.74,1.98
2012-02-27,1367.59,1.92
2012-02-28,1372.18,1.94
2012-02-29,1365.68,1.98
2012-03-01,1374.09,2.03
2012-03-02,1369.63,1.99
2012-03-05,1364.33,2.0
2012-03-06,1343.36,1.96
2012-03-07,1352.63,1.98
2012-03-08,1365.91,2.03
2012-03-09,1370.87,2.04
2012-03-12,1371.09,2.04
2012-03-13,1395.95,2.14
2012-03-14,1394.28,2.29
2012-03-15,1402.6,2.29
2012-03-16,1404.17,2.31
2012-03-19,1409.75,2.39
2012-03-20,1405.52,2.38
2012-03-21,1402.89,2.31
2012-03-22,1392.78,2.29
2012-03-23,1397.11,2.25
2012-03-26,1416.51,2.26
2012-03-27,1412.52,2.2
2012-03-28,1405.54,2.21
2012-03-29,1403.28,2.18
2012-03-30,1408.47,2.23
2012-04-02,1419.04,2.22
2012-04-03,1413.38,2.3
2012-04-04,1398.96,2.25
2012-04-05,1398.08,2.19
2012-04-09,1382.2,2.06
2012-04-10,1358.59,2.01
2012-04-11,1368.71,2.05
2012-04-12,1387.57,2.08
2012-04-13,1370.26,2.02
2012-04-16,1369.57,2.0
2012-04-17,1390.78,2.03
2012-04-18,1385.14,2.0
2012-04-19,1376.92,1.98
2012-04-20,1378.53,1.99
2012-04-23,1366.94,1.96
2012-04-24,1371.97,2.0
2012-04-25,1390.69,2.01
2012-04-26,1399.98,1.98
2012-04-27,1403.36,1.96
2012-04-30,1397.91,1.95
2012-05-01,1405.82,1.98
2012-05-02,1402.31,1.96
2012-05-03,1391.57,1.96
2012-05-04,1369.1,1.91
2012-05-07,1369.58,1.92
2012-05-08,1363.72,1.88
2012-05-09,1354.58,1.87
2012-05-10,1357.99,1.89
2012-05-11,1353.39,1.84
2012-05-14,1338.35,1.78
2012-05-15,1330.66,1.76
2012-05-16,1324.8,1.76
2012-05-17,1304.86,1.7
2012-05-18,1295.22,1.71
2012-05-21,1315.99,1.75
2012-05-22,1316.63,1.79
2012-05-23,1318.86,1.73
2012-05-24,1320.68,1.77
2012-05-25,1317.82,1.75
2012-05-29,1332.42,1.74
2012-05-30,1313.32,1.63
2012-05-31,1310.33,1.59
2012-06-01,1278.04,1.47
2012-06-04,1278.18,1.53
2012-06-05,1285.5,1.57
2012-06-06,1315.13,1.66
2012-06-07,1314.99,1.66
2012-06-08,1325.66,1.65
2012-06-11,1308.93,1.6
2012-06-12,1324.18,1.67
2012-06-13,1314.88,1.61
2012-06-14,1329.1,1.64
2012-06-15,1342.84,1.6
2012-06-18,1344.78,1.59
2012-06-19,1357.98,1.64
2012-06-20,1355.69,1.65
2012-06-21,1325.51,1.63
2012-06-22,1335.02,1.69
2012-06-25,1313.72,1.63
2012-06-26,1319.99,1.66
2012-06-27,1331.85,1.65
2012-06-28,1329.04,1.6
2012-06-29,1362.16,1.67
2012-07-02,1365.51,1.61
2012-07-03,1374.02,1.65
2012-07-05,1367.58,1.62
2012-07-06,1354.68,1.57
2012-07-09,1352.46,1.53
2012-07-10,1341.47,1.53
2012-07-11,1341.45,1.54
2012-07-12,1334.76,1.5
2012-07-13,1356.78,1.52
2012-07-16,1353.64,1.5
2012-07-17,1363.67,1.53
2012-07-18,1372.78,1.52
2012-07-19,1376.51,1.54
2012-07-20,1362.66,1.49
2012-07-23,1350.52,1.47
2012-07-24,1338.31,1.44
2012-07-25,1337.89,1.43
2012-07-26,1360.02,1.45
2012-07-27,1385.97,1.58
2012-07-30,1385.3,1.53
2012-07-31,1379.32,1.51
2012-08-01,1375.14,1.56
2012-08-02,1365.0,1.51
2012-08-03,1390.99,1.6
2012-08-06,1394.23,1.59
2012-08-07,1401.35,1.66
2012-08-08,1402.22,1.68
2012-08-09,1402.8,1.69
2012-08-10,1405.87,1.65
2012-08-13,1404.11,1.65
2012-08-14,1403.93,1.73
2012-08-15,1405.53,1.8
2012-08-16,1415.51,1.83
2012-08-17,1418.16,1.81
2012-08-20,1418.13,1.82
2012-08-21,1413.17,1.8
2012-08-22,1413.49,1.71
2012-08-23,1402.08,1.68
2012-08-24,1411.13,1.68
2012-08-27,1410.44,1.65
2012-08-28,1409.3,1.64
2012-08-29,1410.49,1.66
2012-08-30,1399.48,1.63
2012-08-31,1406.58,1.57
2012-09-04,1404.94,1.59
2012-09-05,1403.44,1.6
2012-09-06,1432.12,1.68
2012-09-07,1437.92,1.67
2012-09-10,1429.08,1.68
2012-09-11,1433.56,1.7
2012-09-12,1436.56,1.77
2012-09-13,1459.99,1.75
2012-09-14,1465.77,1.88
2012-09-17,1461.19,1.85
2012-09-18,1459.32,1.82
2012-09-19,1461.05,1.79
2012-09-20,1460.26,1.8
2012-09-21,1460.15,1.77
2012-09-24,1456.89,1.74
2012-09-25,1441.59,1.7
2012-09-26,1433.32,1.64
2012-09-27,1447.15,1.66
2012-09-28,1440.67,1.65
2012-10-01,1444.49,1.64
2012-10-02,1445.75,1.64
2012-10-03,1450.99,1.64
2012-10-04,1461.4,1.7
2012-10-05,1460.93,1.75
2012-10-09,1441.48,1.74
2012-10-10,1432.56,1.72
2012-10-11,1432.84,1.7
2012-10-12,1428.59,1.69
2012-10-15,1440.13,1.7
2012-10-16,1454.92,1.75
2012-10-17,1460.91,1.83
2012-10-18,1457.34,1.86
2012-10-19,1433.19,1.79
2012-10-22,1433.82,1.83
2012-10-23,1413.11,1.79
2012-10-24,1408.75,1.8
2012-10-25,1412.97,1.86
2012-10-26,1411.94,1.78
2012-10-31,1412.16,1.72
2012-11-01,1427.59,1.75
2012-11-02,1414.2,1.75
2012-11-05,1417.26,1.72
2012-11-06,1428.39,1.78
2012-11-07,1394.53,1.68
2012-11-08,1377.51,1.62
2012-11-09,1379.85,1.61
2012-11-13,1374.53,1.59
2012-11-14,1355.49,1.59
2012-11-15,1353.33,1.58
2012-11-16,1359.88,1.58
2012-11-19,1386.89,1.61
2012-11-20,1387.81,1.66
2012-11-21,1391.03,1.69
2012-11-23,1409.15,1.7
2012-11-26,1406.29,1.66
2012-11-27,1398.94,1.64
2012-11-28,1409.93,1.63
2012-11-29,1415.95,1.62
2012-11-30,1416.18,1.62
2012-12-03,1409.46,1.63
2012-12-04,1407.05,1.62
2012-12-05,1409.28,1.6
2012-12-06,1413.94,1.59
2012-12-07,1418.07,1.64
2012-12-10,1418.55,1.63
2012-12-11,1427.84,1.66
2012-12-12,1428.48,1.72
2012-12-13,1419.45,1.74
2012-12-14,1413.58,1.72
2012-12-17,1430.36,1.78
2012-12-18,1446.79,1.84
2012-12-19,1435.81,1.82
2012-12-20,1443.69,1.81
2012-12-21,1430.15,1.77
2012-12-24,1426.66,1.79
2012-12-26,1419.83,1.77
2012-12-27,1418.1,1.74
2012-12-28,1402.43,1.73
2012-12-31,1426.19,1.78
2013-01-02,1462.42,1.86
2013-01-03,1459.37,1.92
2013-01-04,1466.47,1.93
2013-01-07,1461.89,1.92
2013-01-08,1457.15,1.89
2013-01-09,1461.02,1.88
2013-01-10,1472.12,1.91
2013-01-11,1472.05,1.89
2013-01-14,1470.68,1.89
2013-01-15,1472.34,1.86
2013-01-16,1472.63,1.84
2013-01-17,1480.94,1.89
2013-01-18,1485.98,1.87
2013-01-22,1492.56,1.86
2013-01-23,1494.81,1.86
2013-01-24,1494.82,1.88
2013-01-25,1502.96,1.98
2013-01-28,1500.18,2.0
2013-01-29,1507.84,2.03
2013-01-30,1501.96,2.03
2013-01-31,1498.11,2.02
2013-02-01,1513.17,2.04
2013-02-04,1495.71,2.0
2013-02-05,1511.29,2.04
2013-02-06,1512.12,2.0
2013-02-07,1509.39,1.99
2013-02-08,1517.93,1.99
2013-02-11,1517.01,1.99
2013-02-12,1519.43,2.02
2013-02-13,1520.33,2.05
2013-02-14,1521.38,2.0
2013-02-15,1519.79,2.01
2013-02-19,1530.94,2.03
2013-02-20,1511.95,2.02
2013-02-21,1502.42,1.99
2013-02-22,1515.6,1.97
2013-02-25,1487.85,1.88
2013-02-26,1496.94,1.88
2013-02-27,1515.99,1.91
2013-02-28,1514.68,1.89
2013-03-01,1518.2,1.86
2013-03-04,1525.2,1.88
2013-03-05,1539.79,1.9
2013-03-06,1541.46,1.95
2013-03-07,1544.26,2.0
2013-03-08,1551.18,2.06
2013-03-11,1556.22,2.07
2013-03-12,1552.48,2.03
2013-03-13,1554.52,2.04
2013-03-14,1563.23,2.04
2013-03-15,1560.7,2.01
2013-03-18,1552.1,1.96
2013-03-19,1548.34,1.92
2013-03-20,1558.71,1.96
2013-03-21,1545.8,1.95
2013-03-22,1556.89,1.93
2013-03-25,1551.69,1.93
2013-03-26,1563.77,1.92
2013-03-27,1562.85,1.87
2013-03-28,1569.19,1.87
2013-04-01,1562.17,1.86
2013-04-02,1570.25,1.88
2013-04-03,1553.69,1.83
2013-04-04,1559.98,1.78
2013-04-05,1553.28,1.72
2013-04-08,1563.07,1.76
2013-04-09,1568.61,1.78
2013-04-10,1587.73,1.84
2013-04-11,1593.37,1.82
2013-04-12,1588.85,1.75
2013-04-15,1552.36,1.72
2013-04-16,1574.57,1.75
2013-04-17,1552.01,1.73
2013-04-18,1541.61,1.72
2013-04-19,1555.25,1.73
2013-04-22,1562.5,1.72
2013-04-23,1578.78,1.74
2013-04-24,1578.79,1.73
2013-04-25,1585.16,1.74
2013-04-26,1582.24,1.7
2013-04-29,1593.61,1.7
2013-04-30,1597.57,1.7
2013-05-01,1582.7,1.66
2013-05-02,1597.59,1.66
2013-05-03,1614.42,1.78
2013-05-06,1617.5,1.8
2013-05-07,1625.96,1.82
2013-05-08,1632.69,1.81
2013-05-09,1626.67,1.81
2013-05-10,1633.7,1.9
2013-05-13,1633.77,1.92
2013-05-14,1650.34,1.96
2013-05-15,1658.78,1.94
2013-05-16,1650.47,1.87
2013-05-17,1667.47,1.95
2013-05-20,1666.29,1.97
2013-05-21,1669.16,1.94
2013-05-22,1655.35,2.03
2013-05-23,1650.51,2.02
2013-05-24,1649.6,2.01
2013-05-28,1660.06,2.15
2013-05-29,1648.36,2.13
2013-05-30,1654.41,2.13
2013-05-31,1630.74,2.16
2013-06-03,1640.42,2.13
2013-06-04,1631.38,2.14
2013-06-05,1608.9,2.1
2013-06-06,1622.56,2.08
2013-06-07,1643.38,2.17
2013-06-10,1642.81,2.22
2013-06-11,1626.13,2.2
2013-06-12,1612.52,2.25
2013-06-13,1636.36,2.19
2013-06-14,1626.73,2.14
2013-06-17,1639.04,2.19
2013-06-18,1651.81,2.2
2013-06-19,1628.93,2.33
2013-06-20,1588.19,2.41
2013-06-21,1592.43,2.52
2013-06-24,1573.09,2.57
2013-06-25,1588.03,2.6
2013-06-26,1603.26,2.55
2013-06-27,1613.2,2.49
2013-06-28,1606.28,2.52
2013-07-01,1614.96,2.5
2013-07-02,1614.08,2.48
2013-07-03,1615.41,2.52
2013-07-05,1631.89,2.73
2013-07-08,1640.46,2.65
2013-07-09,1652.32,2.65
2013-07-10,1652.62,2.7
2013-07-11,1675.02,2.6
2013-07-12,1680.19,2.61
2013-07-15,1682.5,2.57
2013-07-16,1676.26,2.55
2013-07-17,1680.91,2.52
2013-07-18,1689.37,2.56
2013-07-19,1692.09,2.5
2013-07-22,1695.53,2.5
2013-07-23,1692.39,2.53
2013-07-24,1685.94,2.61
2013-07-25,1690.25,2.61
2013-07-26,1691.65,2.58
2013-07-29,1685.33,2.61
2013-07-30,1685.96,2.63
2013-07-31,1685.73,2.6
2013-08-01,1706.87,2.74
2013-08-02,1709.67,2.63
2013-08-05,1707.14,2.67
2013-08-06,1697.37,2.67
2013-08-07,1690.91,2.61
2013-08-08,1697.48,2.58
2013-08-09,1691.42,2.57
2013-08-12,1689.47,2.61
2013-08-13,1694.16,2.71
2013-08-14,1685.39,2.71
2013-08-15,1661.32,2.77
2013-08-16,1655.83,2.84
2013-08-19,1646.06,2.88
2013-08-20,1652.35,2.82
2013-08-21,1642.8,2.87
2013-08-22,1656.96,2.9
2013-08-23,1663.5,2.82
2013-08-26,1656.78,2.79
2013-08-27,1630.48,2.72
2013-08-28,1634.96,2.78
2013-08-29,1638.17,2.75
2013-08-30,1632.97,2.78
2013-09-03,1639.77,2.86
2013-09-04,1653.08,2.9
2013-09-05,1655.08,2.98
2013-09-06,1655.17,2.94
2013-09-09,1671.71,2.9
2013-09-10,1683.99,2.96
2013-09-11,1689.13,2.93
2013-09-12,1683.42,2.92
2013-09-13,1687.99,2.9
2013-09-16,1697.6,2.88
2013-09-17,1704.76,2.86
2013-09-18,1725.52,2.69
2013-09-19,1722.34,2.76
2013-09-20,1709.91,2.75
2013-09-23,1701.84,2.72
2013-09-24,1697.42,2.67
2013-09-25,1692.77,2.63
2013-09-26,1698.67,2.66
2013-09-27,1691.75,2.64
2013-09-30,1681.55,2.64
2013-10-01,1695.0,2.66
2013-10-02,1693.87,2.63
2013-10-03,1678.66,2.62
2013-10-04,1690.5,2.66
2013-10-07,1676.12,2.65
2013-10-08,1655.45,2.66
2013-10-09,1656.4,2.68
2013-10-10,1692.56,2.71
2013-10-11,1703.2,2.7
2013-10-15,1698.06,2.75
2013-10-16,1721.54,2.69
2013-10-17,1733.15,2.61
2013-10-18,1744.5,2.6
2013-10-21,1744.66,2.63
2013-10-22,1754.67,2.54
2013-10-23,1746.38,2.51
2013-10-24,1752.07,2.53
2013-10-25,1759.77,2.53
2013-10-28,1762.11,2.54
2013-10-29,1771.95,2.53
2013-10-30,1763.31,2.55
2013-10-31,1756.54,2.57
2013-11-01,1761.64,2.65
2013-11-04,1767.93,2.63
2013-11-05,1762.97,2.69
2013-11-06,1770.49,2.67
2013-11-07,1747.15,2.63
2013-11-08,1770.61,2.77
2013-11-12,1767.69,2.8
2013-11-13,1782.0,2.75
2013-11-14,1790.62,2.69
2013-11-15,1798.18,2.71
2013-11-18,1791.53,2.67
2013-11-19,1787.87,2.71
2013-11-20,1781.37,2.8
2013-11-21,1795.85,2.79
2013-11-22,1804.76,2.75
2013-11-25,1802.48,2.74
2013-11-26,1802.75,2.71
2013-11-27,1807.23,2.74
2013-11-29,1805.81,2.75
2013-12-02,1800.9,2.81
2013-12-03,1795.15,2.79
2013-12-04,1792.81,2.84
2013-12-05,1785.03,2.88
2013-12-06,1805.09,2.88
2013-12-09,1808.37,2.86
2013-12-10,1802.62,2.81
2013-12-11,1782.22,2.86
2013-12-12,1775.5,2.89
2013-12-13,1775.32,2.88
2013-12-16,1786.54,2.89
2013-12-17,1781.0,2.85
2013-12-18,1810.65,2.89
2013-12-19,1809.6,2.94
2013-12-20,1818.32,2.89
2013-12-23,1827.99,2.94
2013-12-24,1833.32,2.99
2013-12-26,1842.02,3.0
2013-12-27,1841.4,3.02
2013-12-30,1841.07,2.99
2013-12-31,1848.36,3.04
2014-01-02,1831.98,3.0
2014-01-03,1831.37,3.01
2014-01-06,1826.77,2.98
2014-01-07,1837.88,2.96
2014-01-08,1837.49,3.01
2014-01-09,1838.13,2.97
2014-01-10,1842.37,2.88
2014-01-13,1819.2,2.84
2014-01-14,1838.88,2.88
2014-01-15,1848.38,2.9
2014-01-16,1845.89,2.86
2014-01-17,1838.7,2.84
2014-01-21,1843.8,2.85
2014-01-22,1844.86,2.87
2014-01-23,1828.46,2.79
2014-01-24,1790.29,2.75
2014-01-27,1781.56,2.78
2014-01-28,1792.5,2.77
2014-01-29,1774.2,2.69
2014-01-30,1794.19,2.72
2014-01-31,1782.59,2.67
2014-02-03,1741.89,2.61
2014-02-04,1755.2,2.64
2014-02-05,1751.64,2.7
2014-02-06,1773.43,2.73
2014-02-07,1797.02,2.71
2014-02-10,1799.84,2.7
2014-02-11,1819.75,2.75
2014-02-12,1819.26,2.8
2014-02-13,1829.83,2.73
2014-02-14,1838.63,2.75
2014-02-18,1840.76,2.71
2014-02-19,1828.75,2.73
2014-02-20,1839.78,2.76
2014-02-21,1836.25,2.73
2014-02-24,1847.61,2.75
2014-02-25,1845.12,2.7
2014-02-26,1845.16,2.67
2014-02-27,1854.29,2.65
2014-02-28,1859.45,2.66
2014-03-03,1845.73,2.6
2014-03-04,1873.91,2.7
2014-03-05,1873.81,2.7
2014-03-06,1877.03,2.74
2014-03-07,1878.04,2.8
2014-03-10,1877.17,2.79
2014-03-11,1867.63,2.77
2014-03-12,1868.2,2.73
2014-03-13,1846.34,2.66
2014-03-14,1841.13,2.65
2014-03-17,1858.83,2.7
2014-03-18,1872.25,2.68
2014-03-19,1860.77,2.78
2014-03-20,1872.01,2.79
2014-03-21,1866.52,2.75
2014-03-24,1857.44,2.74
2014-03-25,1865.62,2.75
2014-03-26,1852.56,2.71
2014-03-27,1849.04,2.69
2014-03-28,1857.62,2.73
2014-03-31,1872.34,2.73
2014-04-01,1885.52,2.77
2014-04-02,1890.9,2.82
2014-04-03,1888.77,2.8
2014-04-04,1865.09,2.74
2014-04-07,1845.04,2.71
2014-04-08,1851.96,2.69
2014-04-09,1872.18,2.71
2014-04-10,1833.08,2.65
2014-04-11,1815.69,2.63
2014-04-14,1830.61,2.65
2014-04-15,1842.98,2.64
2014-04-16,1862.31,2.65
2014-04-17,1864.85,2.73
2014-04-21,1871.89,2.73
2014-04-22,1879.55,2.73
2014-04-23,1875.39,2.7
2014-04-24,1878.61,2.7
2014-04-25,1863.4,2.68
2014-04-28,1869.43,2.7
2014-04-29,1878.33,2.71
2014-04-30,1883.95,2.67
2014-05-01,1883.68,2.63
2014-05-02,1881.14,2.6
2014-05-05,1884.66,2.63
2014-05-06,1867.72,2.61
2014-05-07,1878.21,2.62
2014-05-08,1875.63,2.61
2014-05-09,1878.48,2.62
2014-05-12,1896.65,2.66
2014-05-13,1897.45,2.61
2014-05-14,1888.53,2.54
2014-05-15,1870.85,2.5
2014-05-16,1877.86,2.52
2014-05-19,1885.08,2.54
2014-05-20,1872.83,2.52
2014-05-21,1888.03,2.54
2014-05-22,1892.49,2.56
2014-05-23,1900.53,2.54
2014-05-27,1911.91,2.52
2014-05-28,1909.78,2.44
2014-05-29,1920.03,2.45
2014-05-30,1923.57,2.48
2014-06-02,1924.97,2.54
2014-06-03,1924.24,2.6
2014-06-04,1927.88,2.61
2014-06-05,1940.46,2.59
2014-06-06,1949.44,2.6
2014-06-09,1951.27,2.62
2014-06-10,1950.79,2.64
2014-06-11,1943.89,2.65
2014-06-12,1930.11,2.58
2014-06-13,1936.16,2.6
2014-06-16,1937.78,2.61
2014-06-17,1941.99,2.66
2014-06-18,1956.98,2.61
2014-06-19,1959.48,2.64
2014-06-20,1962.87,2.63
2014-06-23,1962.61,2.63
2014-06-24,1949.98,2.59
2014-06-25,1959.53,2.57
2014-06-26,1957.22,2.53
2014-06-27,1960.96,2.54
2014-06-30,1960.23,2.53
2014-07-01,1973.32,2.58
2014-07-02,1974.62,2.64
2014-07-03,1985.44,2.65
2014-07-07,1977.65,2.63
2014-07-08,1963.71,2.58
2014-07-09,1972.83,2.57
2014-07-10,1964.68,2.55
2014-07-11,1967.57,2.53
2014-07-14,1977.1,2.55
2014-07-15,1973.28,2.56
2014-07-16,1981.57,2.55
2014-07-17,1958.12,2.47
2014-07-18,1978.22,2.5
2014-07-21,1973.63,2.49
2014-07-22,1983.53,2.48
2014-07-23,1987.01,2.48
2014-07-24,1987.98,2.52
2014-07-25,1978.34,2.48
2014-07-28,1978.91,2.5
2014-07-29,1969.95,2.47
2014-07-30,1970.07,2.57
2014-07-31,1930.67,2.58
2014-08-01,1925.15,2.52
2014-08-04,1938.99,2.51
2014-08-05,1920.21,2.49
2014-08-06,1920.24,2.49
2014-08-07,1909.57,2.43
2014-08-08,1931.59,2.44
2014-08-11,1936.92,2.44
2014-08-12,1933.75,2.46
2014-08-13,1946.72,2.43
2014-08-14,1955.18,2.4
2014-08-15,1955.06,2.34
2014-08-18,1971.74,2.39
2014-08-19,1981.6,2.4
2014-08-20,1986.51,2.43
2014-08-21,1992.37,2.41
2014-08-22,1988.4,2.4
2014-08-25,1997.92,2.39
2014-08-26,2000.02,2.39
2014-08-27,2000.12,2.37
2014-08-28,1996.74,2.34
2014-08-29,2003.37,2.35
2014-09-02,2002.28,2.42
2014-09-03,2000.72,2.41
2014-09-04,1997.65,2.45
2014-09-05,2007.71,2.46
2014-09-08,2001.54,2.48
2014-09-09,1988.44,2.5
2014-09-10,1995.69,2.54
2014-09-11,1997.45,2.54
2014-09-12,1985.54,2.62
2014-09-15,1984.13,2.6
2014-09-16,1998.98,2.6
2014-09-17,2001.57,2.62
2014-09-18,2011.36,2.63
2014-09-19,2010.4,2.59
2014-09-22,1994.29,2.57
2014-09-23,1982.77,2.54
2014-09-24,1998.3,2.57
2014-09-25,1965.99,2.52
2014-09-26,1982.85,2.54
2014-09-29,1977.8,2.5
2014-09-30,1972.29,2.52
2014-10-01,1946.16,2.42
2014-10-02,1946.17,2.44
2014-10-03,1967.9,2.45
2014-10-06,1964.82,2.43
2014-10-07,1935.1,2.36
2014-10-08,1968.89,2.35
2014-10-09,1928.21,2.34
2014-10-10,1906.13,2.31
2014-10-14,1877.7,2.21
2014-10-15,1862.49,2.15
2014-10-16,1862.76,2.17
2014-10-17,1886.76,2.22
2014-10-20,1904.01,2.2
2014-10-21,1941.28,2.23
2014-10-22,1927.11,2.25
2014-10-23,1950.82,2.29
2014-10-24,1964.58,2.29
2014-10-27,1961.63,2.27
2014-10-28,1985.05,2.3
2014-10-29,1982.3,2.34
2014-10-30,1994.65,2.32
2014-10-31,2018.05,2.35
2014-11-03,2017.81,2.36
2014-11-04,2012.1,2.35
2014-11-05,2023.57,2.36
2014-11-06,2031.21,2.39
2014-11-07,2031.92,2.32
2014-11-10,2038.26,2.38
2014-11-12,2038.25,2.37
2014-11-13,2039.33,2.35
2014-11-14,2039.82,2.32
2014-11-17,2041.32,2.34
2014-11-18,2051.8,2.32
2014-11-19,2048.72,2.36
2014-11-20,2052.75,2.34
2014-11-21,2063.5,2.31
2014-11-24,2069.41,2.3
2014-11-25,2067.03,2.27
2014-11-26,2072.83,2.24
2014-11-28,2067.56,2.18
2014-12-01,2053.44,2.22
2014-12-02,2066.55,2.28
2014-12-03,2074.33,2.29
2014-12-04,2071.92,2.25
2014-12-05,2075.37,2.31
2014-12-08,2060.31,2.26
2014-12-09,2059.82,2.22
2014-12-10,2026.14,2.18
2014-12-11,2035.33,2.19
2014-12-12,2002.33,2.1
2014-12-15,1989.63,2.12
2014-12-16,1972.74,2.07
2014-12-17,2012.89,2.14
2014-12-18,2061.23,2.22
2014-12-19,2070.65,2.17
2014-12-22,2078.54,2.17
2014-12-23,2082.17,2.26
2014-12-24,2081.88,2.27
2014-12-26,2088.77,2.25
2014-12-29,2090.57,2.22
2014-12-30,2080.35,2.2
2014-12-31,2058.9,2.17
2015-01-02,2058.2,2.12
2015-01-05,2020.58,2.04
2015-01-06,2002.61,1.97
2015-01-07,2025.9,1.96
2015-01-08,2062.14,2.03
2015-01-09,2044.81,1.98
2015-01-12,2028.26,1.92
2015-01-13,2023.03,1.91
2015-01-14,2011.27,1.86
2015-01-15,1992.67,1.77
2015-01-16,2019.42,1.83
2015-01-20,2022.55,1.82
2015-01-21,2032.12,1.87
2015-01-22,2063.15,1.9
2015-01-23,2051.82,1.81
2015-01-26,2057.09,1.83
2015-01-27,2029.55,1.83
2015-01-28,2002.16,1.73
2015-01-29,2021.25,1.77
2015-01-30,1994.99,1.68
2015-02-02,2020.85,1.68
2015-02-03,2050.03,1.79
2015-02-04,2041.51,1.81
2015-02-05,2062.52,1.83
2015-02-06,2055.47,1.95
2015-02-09,2046.74,1.96
2015-02-10,2068.59,2.01
2015-02-11,2068.53,2.0
2015-02-12,2088.48,1.99
2015-02-13,2096.99,2.02
2015-02-17,2100.34,2.14
2015-02-18,2099.68,2.07
2015-02-19,2097.45,2.11
2015-02-20,2110.3,2.13
2015-02-23,2109.66,2.06
2015-02-24,2115.48,1.99
2015-02-25,2113.86,1.96
2015-02-26,2110.74,2.03
2015-02-27,2104.5,2.0
2015-03-02,2117.39,2.08
2015-03-03,2107.78,2.12
2015-03-04,2098.53,2.12
2015-03-05,2101.04,2.11
2015-03-06,2071.26,2.24
2015-03-09,2079.43,2.2
2015-03-10,2044.16,2.14
2015-03-11,2040.24,2.11
2015-03-12,2065.95,2.1
2015-03-13,2053.4,2.13
2015-03-16,2081.19,2.1
2015-03-17,2074.28,2.06
2015-03-18,2099.5,1.93
2015-03-19,2089.27,1.98
2015-03-20,2108.1,1.93
2015-03-23,2104.42,1.92
2015-03-24,2091.5,1.88
2015-03-25,2061.05,1.93
2015-03-26,2056.15,2.01
2015-03-27,2061.02,1.95
2015-03-30,2086.24,1.96
2015-03-31,2067.89,1.94
2015-04-01,2059.69,1.87
2015-04-02,2066.96,1.92
2015-04-06,2080.62,1.92
2015-04-07,2076.33,1.89
2015-04-08,2081.9,1.92
2015-04-09,2091.18,1.97
2015-04-10,2102.06,1.96
2015-04-13,2092.43,1.94
2015-04-14,2095.84,1.9
2015-04-15,2106.63,1.91
2015-04-16,2104.99,1.9
2015-04-17,2081.18,1.87
2015-04-20,2100.4,1.9
2015-04-21,2097.29,1.92
2015-04-22,2107.96,1.99
2015-04-23,2112.93,1.96
2015-04-24,2117.69,1.93
2015-04-27,2108.92,1.94
2015-04-28,2114.76,2.0
2015-04-29,2106.85,2.06
2015-04-30,2085.51,2.05
2015-05-01,2108.29,2.12
2015-05-04,2114.49,2.16
2015-05-05,2089.46,2.19
2015-05-06,2080.15,2.25
2015-05-07,2088.0,2.18
2015-05-08,2116.1,2.16
2015-05-11,2105.33,2.28
2015-05-12,2099.12,2.28
2015-05-13,2098.48,2.27
2015-05-14,2121.1,2.23
2015-05-15,2122.73,2.14
2015-05-18,2129.2,2.23
2015-05-19,2127.83,2.27
2015-05-20,2125.85,2.26
2015-05-21,2130.82,2.19
2015-05-22,2126.06,2.21
2015-05-26,2104.2,2.14
2015-05-27,2123.48,2.14
2015-05-28,2120.79,2.13
2015-05-29,2107.39,2.12
2015-06-01,2111.73,2.19
2015-06-02,2109.6,2.27
2015-06-03,2114.07,2.38
2015-06-04,2095.84,2.31
2015-06-05,2092.83,2.41
2015-06-08,2079.28,2.39
2015-06-09,2080.15,2.42
2015-06-10,2105.2,2.5
2015-06-11,2108.86,2.39
2015-06-12,2094.11,2.39
2015-06-15,2084.43,2.36
2015-06-16,2096.29,2.32
2015-06-17,2100.44,2.32
2015-06-18,2121.24,2.35
2015-06-19,2109.99,2.26
2015-06-22,2122.85,2.37
2015-06-23,2124.2,2.42
2015-06-24,2108.58,2.38
2015-06-25,2102.31,2.4
2015-06-26,2101.49,2.49
2015-06-29,2057.64,2.33
2015-06-30,2063.11,2.35
2015-07-01,2077.42,2.43
2015-07-02,2076.78,2.4
2015-07-06,2068.76,2.3
2015-07-07,2081.34,2.27
2015-07-08,2046.68,2.22
2015-07-09,2051.31,2.32
2015-07-10,2076.62,2.42
2015-07-13,2099.6,2.44
2015-07-14,2108.95,2.41
2015-07-15,2107.4,2.36
2015-07-16,2124.29,2.36
2015-07-17,2126.64,2.34
2015-07-20,2128.28,2.38
2015-07-21,2119.21,2.35
2015-07-22,2114.15,2.33
2015-07-23,2102.15,2.28
2015-07-24,2079.65,2.27
2015-07-27,2067.64,2.23
2015-07-28,2093.25,2.26
2015-07-29,2108.57,2.29
2015-07-30,2108.63,2.28
2015-07-31,2103.84,2.2
2015-08-03,2098.04,2.16
2015-08-04,2093.32,2.23
2015-08-05,2099.84,2.28
2015-08-06,2083.56,2.23
2015-08-07,2077.57,2.18
2015-08-10,2104.18,2.24
2015-08-11,2084.07,2.15
2015-08-12,2086.05,2.14
2015-08-13,2083.39,2.19
2015-08-14,2091.54,2.2
2015-08-17,2102.44,2.16
2015-08-18,2096.92,2.2
2015-08-19,2079.61,2.12
2015-08-20,2035.73,2.09
2015-08-21,1970.89,2.05
2015-08-24,1893.21,2.01
2015-08-25,1867.61,2.12
2015-08-26,1940.51,2.18
2015-08-27,1987.66,2.18
2015-08-28,1988.87,2.19
2015-08-31,1972.18,2.21
2015-09-01,1913.85,2.17
2015-09-02,1948.86,2.2
2015-09-03,1951.13,2.18
2015-09-04,1921.22,2.13
2015-09-08,1969.41,2.2
2015-09-09,1942.04,2.21
2015-09-10,1952.29,2.23
2015-09-11,1961.05,2.2
2015-09-14,1953.03,2.18
2015-09-15,1978.09,2.28
2015-09-16,1995.31,2.3
2015-09-17,1990.2,2.21
2015-09-18,1958.03,2.13
2015-09-21,1966.97,2.2
2015-09-22,1942.74,2.14
2015-09-23,1938.76,2.16
2015-09-24,1932.24,2.13
2015-09-25,1931.34,2.17
2015-09-28,1881.77,2.1
2015-09-29,1884.09,2.05
2015-09-30,1920.03,2.06
2015-10-01,1923.82,2.05
2015-10-02,1951.36,1.99
2015-10-05,1987.05,2.07
2015-10-06,1979.92,2.05
2015-10-07,1995.83,2.08
2015-10-08,2013.43,2.12
2015-10-09,2014.89,2.12
2015-10-13,2003.69,2.06
2015-10-14,1994.24,1.99
2015-10-15,2023.86,2.04
2015-10-16,2033.11,2.04
2015-10-19,2033.66,2.04
2015-10-20,2030.77,2.08
2015-10-21,2018.94,2.04
2015-10-22,2052.51,2.04
2015-10-23,2075.15,2.09
2015-10-26,2071.18,2.07
2015-10-27,2065.89,2.05
2015-10-28,2090.35,2.1
2015-10-29,2089.41,2.19
2015-10-30,2079.36,2.16
2015-11-02,2104.05,2.2
2015-11-03,2109.79,2.23
2015-11-04,2102.31,2.25
2015-11-05,2099.93,2.26
2015-11-06,2099.2,2.34
2015-11-09,2078.58,2.36
2015-11-10,2081.72,2.32
2015-11-12,2045.97,2.32
2015-11-13,2023.04,2.28
2015-11-16,2053.19,2.27
2015-11-17,2050.44,2.25
2015-11-18,2083.58,2.27
2015-11-19,2081.24,2.24
2015-11-20,2089.17,2.26
2015-11-23,2086.59,2.25
2015-11-24,2089.14,2.24
2015-11-25,2088.87,2.23
2015-11-27,2090.11,2.22
2015-11-30,2080.41,2.21
2015-12-01,2102.63,2.15
2015-12-02,2079.51,2.18
2015-12-03,2049.62,2.33
2015-12-04,2091.69,2.28
2015-12-07,2077.07,2.23
2015-12-08,2063.59,2.24
2015-12-09,2047.62,2.22
2015-12-10,2052.23,2.24
2015-12-11,2012.37,2.13
2015-12-14,2021.94,2.23
2015-12-15,2043.41,2.28
2015-12-16,2073.07,2.3
2015-12-17,2041.89,2.24
2015-12-18,2005.55,2.19
2015-12-21,2021.15,2.2
2015-12-22,2038.97,2.24
2015-12-23,2064.29,2.27
2015-12-24,2060.99,2.25
2015-12-28,2056.5,2.24
2015-12-29,2078.36,2.32
2015-12-30,2063.36,2.31
2015-12-31,2043.94,2.27
2016-01-04,2012.66,2.24
2016-01-05,2016.71,2.25
2016-01-06,1990.26,2.18
2016-01-07,1943.09,2.16
2016-01-08,1922.03,2.13
2016-01-11,1923.67,2.17
2016-01-12,1938.68,2.12
2016-01-13,1890.28,2.08
2016-01-14,1921.84,2.1
2016-01-15,1880.33,2.03
2016-01-19,1881.33,2.06
2016-01-20,1859.33,2.01
2016-01-21,1868.99,2.02
2016-01-22,1906.9,2.07
2016-01-25,1877.08,2.03
2016-01-26,1903.63,2.01
2016-01-27,1882.95,2.02
2016-01-28,1893.36,2.0
2016-01-29,1940.24,1.94
2016-02-01,1939.38,1.97
2016-02-02,1903.03,1.87
2016-02-03,1912.53,1.88
2016-02-04,1915.45,1.87
2016-02-05,1880.05,1.86
2016-02-08,1853.44,1.75
2016-02-09,1852.21,1.74
2016-02-10,1851.86,1.71
2016-02-11,1829.08,1.63
2016-02-12,1864.78,1.74
2016-02-16,1895.58,1.78
2016-02-17,1926.82,1.81
2016-02-18,1917.83,1.75
2016-02-19,1917.78,1.76
2016-02-22,1945.5,1.77
2016-02-23,1921.27,1.74
2016-02-24,1929.8,1.75
2016-02-25,1951.7,1.71
2016-02-26,1948.05,1.76
2016-02-29,1932.23,1.74
2016-03-01,1978.35,1.83
2016-03-02,1986.45,1.84
2016-03-03,1993.4,1.83
2016-03-04,1999.99,1.88
2016-03-07,2001.76,1.91
2016-03-08,1979.26,1.83
2016-03-09,1989.26,1.9
2016-03-10,1989.57,1.93
2016-03-11,2022.19,1.98
2016-03-14,2019.64,1.97
2016-03-15,2015.93,1.97
2016-03-16,2027.22,1.94
2016-03-17,2040.59,1.91
2016-03-18,2049.58,1.88
2016-03-21,2051.6,1.92
2016-03-22,2049.8,1.94
2016-03-23,2036.71,1.88
2016-03-24,2035.94,1.91
2016-03-28,2037.05,1.89
2016-03-29,2055.01,1.81
2016-03-30,2063.95,1.83
2016-03-31,2059.74,1.78
2016-04-01,2072.78,1.79
2016-04-04,2066.13,1.78
2016-04-05,2045.17,1.73
2016-04-06,2066.66,1.76
2016-04-07,2041.91,1.7
2016-04-08,2047.6,1.72
2016-04-11,2041.99,1.73
2016-04-12,2061.72,1.79
2016-04-13,2082.42,1.77
2016-04-14,2082.78,1.8
2016-04-15,2080.73,1.76
2016-04-18,2094.34,1.78
2016-04-19,2100.8,1.79
2016-04-20,2102.4,1.85
2016-04-21,2091.48,1.88
2016-04-22,2091.58,1.89
2016-04-25,2087.79,1.91
2016-04-26,2091.7,1.94
2016-04-27,2095.15,1.87
2016-04-28,2075.81,1.84
2016-04-29,2065.3,1.83
2016-05-02,2081.43,1.88
2016-05-03,2063.37,1.81
2016-05-04,2051.12,1.79
2016-05-05,2050.63,1.76
2016-05-06,2057.14,1.79
2016-05-09,2058.69,1.77
2016-05-10,2084.39,1.77
2016-05-11,2064.46,1.73
2016-05-12,2064.11,1.75
2016-05-13,2046.61,1.71
2016-05-16,2066.66,1.75
2016-05-17,2047.21,1.76
2016-05-18,2047.63,1.87
2016-05-19,2040.04,1.85
2016-05-20,2052.32,1.85
2016-05-23,2048.04,1.84
2016-05-24,2076.06,1.86
2016-05-25,2090.54,1.87
2016-05-26,2090.1,1.83
2016-05-27,2099.06,1.85
2016-05-31,2096.96,1.84
2016-06-01,2099.33,1.85
2016-06-02,2105.26,1.81
2016-06-03,2099.13,1.71
2016-06-06,2109.41,1.73
2016-06-07,2112.13,1.72
2016-06-08,2119.12,1.71
2016-06-09,2115.48,1.68
2016-06-10,2096.07,1.64
2016-06-13,2079.06,1.62
2016-06-14,2075.32,1.62
2016-06-15,2071.5,1.6
2016-06-16,2077.99,1.57
2016-06-17,2071.22,1.62
2016-06-20,2083.25,1.67
2016-06-21,2088.9,1.71
2016-06-22,2085.45,1.69
2016-06-23,2113.32,1.74
2016-06-24,2037.41,1.57
2016-06-27,2000.54,1.46
2016-06-28,2036.09,1.46
2016-06-29,2070.77,1.5
2016-06-30,2098.86,1.49
2016-07-01,2102.95,1.46
2016-07-05,2088.55,1.37
2016-07-06,2099.73,1.38
2016-07-07,2097.9,1.4
2016-07-08,2129.9,1.37
2016-07-11,2137.16,1.43
2016-07-12,2152.14,1.53
2016-07-13,2152.43,1.48
2016-07-14,2163.75,1.53
2016-07-15,2161.74,1.6
2016-07-18,2166.89,1.59
2016-07-19,2163.78,1.56
2016-07-20,2173.02,1.59
2016-07-21,2165.17,1.57
2016-07-22,2175.03,1.57
2016-07-25,2168.48,1.58
2016-07-26,2169.18,1.57
2016-07-27,2166.58,1.52
2016-07-28,2170.06,1.52
2016-07-29,2173.6,1.46
2016-08-01,2170.84,1.51
2016-08-02,2157.03,1.55
2016-08-03,2163.79,1.55
2016-08-04,2164.25,1.51
2016-08-05,2182.87,1.59
2016-08-08,2180.89,1.59
2016-08-09,2181.74,1.55
2016-08-10,2175.49,1.5
2016-08-11,2185.79,1.57
2016-08-12,2184.05,1.51
2016-08-15,2190.15,1.55
2016-08-16,2178.15,1.57
2016-08-17,2182.22,1.56
2016-08-18,2187.02,1.53
2016-08-19,2183.87,1.58
2016-08-22,2182.64,1.55
2016-08-23,2186.9,1.55
2016-08-24,2175.44,1.56
2016-08-25,2172.47,1.58
2016-08-26,2169.04,1.62
2016-08-29,2180.38,1.57
2016-08-30,2176.12,1.57
2016-08-31,2170.95,1.58
2016-09-01,2170.86,1.57
2016-09-02,2179.98,1.6
2016-09-06,2186.48,1.55
2016-09-07,2186.16,1.54
2016-09-08,2181.3,1.61
2016-09-09,2127.81,1.67
2016-09-12,2159.04,1.68
2016-09-13,2127.02,1.73
2016-09-14,2125.77,1.7
2016-09-15,2147.26,1.71
2016-09-16,2139.16,1.7
2016-09-19,2139.12,1.7
2016-09-20,2139.76,1.69
2016-09-21,2163.12,1.66
2016-09-22,2177.18,1.63
2016-09-23,2164.69,1.62
2016-09-26,2146.1,1.59
2016-09-27,2159.93,1.56
2016-09-28,2171.37,1.57
2016-09-29,2151.13,1.56
2016-09-30,2168.27,1.6
2016-10-03,2161.2,1.63
2016-10-04,2150.49,1.69
2016-10-05,2159.73,1.72
2016-10-06,2160.77,1.75
2016-10-07,2153.74,1.73
2016-10-11,2136.73,1.77
2016-10-12,2139.18,1.79
2016-10-13,2132.55,1.75
2016-10-14,2132.98,1.8
2016-10-17,2126.5,1.77
2016-10-18,2139.6,1.75
2016-10-19,2144.29,1.76
2016-10-20,2141.34,1.76
2016-10-21,2141.16,1.74
2016-10-24,2151.33,1.77
2016-10-25,2143.16,1.77
2016-10-26,2139.43,1.79
2016-10-27,2133.04,1.85
2016-10-28,2126.41,1.86
2016-10-31,2126.15,1.84
2016-11-01,2111.72,1.83
2016-11-02,2097.94,1.81
2016-11-03,2088.66,1.82
2016-11-04,2085.18,1.79
2016-11-07,2131.52,1.83
2016-11-08,2139.56,1.88
2016-11-09,2163.26,2.07
2016-11-10,2167.48,2.15
2016-11-14,2164.2,2.23
2016-11-15,2180.39,2.23
2016-11-16,2176.94,2.22
2016-11-17,2187.12,2.29
2016-11-18,2181.9,2.34
2016-11-21,2198.18,2.33
2016-11-22,2202.94,2.31
2016-11-23,2204.72,2.36
2016-11-25,2213.35,2.36
2016-11-28,2201.72,2.32
2016-11-29,2204.66,2.3
2016-11-30,2198.81,2.37
2016-12-01,2191.08,2.45
2016-12-02,2191.95,2.4
2016-12-05,2204.71,2.39
2016-12-06,2212.23,2.39
2016-12-07,2241.35,2.34
2016-12-08,2246.19,2.4
2016-12-09,2259.53,2.47
2016-12-12,2256.96,2.49
2016-12-13,2271.72,2.48
2016-12-14,2253.28,2.54
2016-12-15,2262.03,2.6
2016-12-16,2258.07,2.6
2016-12-19,2262.53,2.54
2016-12-20,2270.76,2.57
2016-12-21,2265.18,2.55
2016-12-22,2260.96,2.55
2016-12-23,2263.79,2.55
2016-12-27,2268.88,2.57
2016-12-28,2249.92,2.51
2016-12-29,2249.26,2.49
2016-12-30,2238.83,2.45
2017-01-03,2257.83,2.45
2017-01-04,2270.75,2.46
2017-01-05,2269.0,2.37
2017-01-06,2276.98,2.42
2017-01-09,2268.9,2.38
2017-01-10,2268.9,2.38
2017-01-11,2275.32,2.38
2017-01-12,2270.44,2.36
2017-01-13,2274.64,2.4
2017-01-17,2267.89,2.33
2017-01-18,2271.89,2.42
2017-01-19,2263.69,2.47
2017-01-20,2271.31,2.48
2017-01-23,2265.2,2.41
2017-01-24,2280.07,2.47
2017-01-25,2298.37,2.53
2017-01-26,2296.68,2.51
2017-01-27,2294.69,2.49
2017-01-30,2280.9,2.49
2017-01-31,2278.87,2.45
2017-02-01,2279.55,2.48
2017-02-02,2280.85,2.48
2017-02-03,2297.42,2.49
2017-02-06,2292.56,2.42
2017-02-07,2293.08,2.4
2017-02-08,2294.67,2.34
2017-02-09,2307.87,2.4
2017-02-10,2316.1,2.41
2017-02-13,2328.25,2.43
2017-02-14,2337.58,2.47
2017-02-15,2349.25,2.51
2017-02-16,2347.22,2.45
2017-02-17,2351.16,2.42
2017-02-21,2365.38,2.43
2017-02-22,2362.82,2.42
2017-02-23,2363.81,2.38
2017-02-24,2367.34,2.31
2017-02-27,2369.75,2.36
2017-02-28,2363.64,2.36
2017-03-01,2395.96,2.46
2017-03-02,2381.92,2.49
2017-03-03,2383.12,2.49
2017-03-06,2375.31,2.49
2017-03-07,2368.39,2.52
2017-03-08,2362.98,2.57
2017-03-09,2364.87,2.6
2017-03-10,2372.6,2.58
2017-03-13,2373.47,2.62
2017-03-14,2365.45,2.6
2017-03-15,2385.26,2.51
2017-03-16,2381.38,2.53
2017-03-17,2378.25,2.5
2017-03-20,2373.47,2.47
2017-03-21,2344.02,2.43
2017-03-22,2348.45,2.4
2017-03-23,2345.96,2.41
2017-03-24,2343.98,2.4
2017-03-27,2341.59,2.38
2017-03-28,2358.57,2.42
2017-03-29,2361.13,2.39
2017-03-30,2368.06,2.42
2017-03-31,2362.72,2.4
2017-04-03,2358.84,2.35
2017-04-04,2360.16,2.36
2017-04-05,2352.95,2.34
2017-04-06,2357.49,2.34
2017-04-07,2355.54,2.38
2017-04-10,2357.16,2.37
2017-04-11,2353.78,2.32
2017-04-12,2344.93,2.28
2017-04-13,2328.95,2.24
2017-04-17,2349.01,2.26
2017-04-18,2342.19,2.18
2017-04-19,2338.17,2.21
2017-04-20,2355.84,2.24
2017-04-21,2348.69,2.24
2017-04-24,2374.15,2.28
2017-04-25,2388.61,2.35
2017-04-26,2387.45,2.32
2017-04-27,2388.77,2.3
2017-04-28,2384.2,2.29
2017-05-01,2388.33,2.33
2017-05-02,2391.17,2.29
2017-05-03,2388.13,2.33
2017-05-04,2389.52,2.36
2017-05-05,2399.29,2.36
2017-05-08,2399.38,2.39
2017-05-09,2396.92,2.42
2017-05-10,2399.63,2.41
2017-05-11,2394.44,2.39
2017-05-12,2390.9,2.33
2017-05-15,2402.32,2.34
2017-05-16,2400.67,2.33
2017-05-17,2357.03,2.22
2017-05-18,2365.72,2.23
2017-05-19,2381.73,2.23
2017-05-22,2394.02,2.25
2017-05-23,2398.42,2.29
2017-05-24,2404.39,2.26
2017-05-25,2415.07,2.25
2017-05-26,2415.82,2.25
2017-05-30,2412.91,2.21
2017-05-31,2411.8,2.21
2017-06-01,2430.06,2.21
2017-06-02,2439.07,2.15
2017-06-05,2436.1,2.18
2017-06-06,2429.33,2.14
2017-06-07,2433.14,2.18
2017-06-08,2433.79,2.19